seq,t_ms,Xraw,Yraw,px,py,tip,rid
0,172,3923,7084,1226,1968,1,3
1,172,3923,7084,1226,1968,1,3
2,172,3923,7084,1226,1968,1,3
3,172,3923,7084,1226,1968,1,3
4,185,3932,7047,1229,1958,1,3
5,199,3940,6972,1231,1937,1,3
6,219,3953,6862,1235,1906,1,3
7,219,3973,6719,1242,1866,1,3
8,235,3995,6554,1248,1821,1,3
9,245,4018,6396,1256,1777,1,3
10,254,4043,6251,1263,1736,1,3
11,261,4043,6251,1263,1736,1,3
12,1123,3955,7077,1236,1966,1,3
13,1127,3955,7077,1236,1966,1,3
14,1142,3955,7077,1236,1966,1,3
15,1148,3955,7077,1236,1966,1,3
16,1158,3955,7077,1236,1966,1,3
17,1169,3939,7093,1231,1970,1,3
18,1182,3935,7095,1230,1971,1,3
19,1188,3931,7097,1228,1971,1,3
20,1202,3927,7105,1227,1974,1,3
21,1211,3927,7105,1227,1974,1,3
22,2049,4036,6931,1261,1925,1,3
23,2058,4037,6984,1262,1940,1,3
24,2070,4037,6957,1262,1932,1,3
25,2076,4039,6969,1262,1936,1,3
26,2090,4040,6974,1262,1937,1,3
27,2124,4042,6974,1263,1937,1,3
28,2124,4045,6949,1264,1930,1,3
29,2124,4051,6915,1266,1921,1,3
30,2129,4056,6876,1268,1910,1,3
31,2141,4063,6831,1270,1898,1,3
32,2148,4072,6775,1272,1882,1,3
33,2158,4080,6711,1275,1864,1,3
34,2170,4090,6635,1278,1843,1,3
35,2178,4102,6551,1282,1820,1,3
36,2190,4113,6459,1285,1794,1,3
37,2199,4125,6362,1289,1767,1,3
38,2210,4137,6257,1293,1738,1,3
39,2218,4137,6257,1293,1738,1,3
40,5322,3969,7005,1240,1946,1,3
41,5330,3969,7005,1240,1946,1,3
42,5343,3969,7005,1240,1946,1,3
43,5349,3969,7005,1240,1946,1,3
44,5362,3958,7033,1237,1954,1,3
45,5370,3954,7043,1236,1956,1,3
46,5382,3951,7051,1235,1959,1,3
47,5386,3948,7057,1234,1960,1,3
48,5398,3946,7062,1233,1962,1,3
49,5406,3945,7065,1233,1962,1,3
50,5422,3945,7066,1233,1963,1,3
51,5428,3944,7066,1232,1963,1,3
52,5442,3942,7060,1232,1961,1,3
53,5449,3942,7054,1232,1959,1,3
54,5462,3943,7046,1232,1957,1,3
55,5470,3944,7034,1232,1954,1,3
56,5485,3945,7013,1233,1948,1,3
57,5487,3948,6978,1234,1938,1,3
58,5501,3953,6925,1235,1924,1,3
59,5525,3960,6866,1238,1907,1,3
60,5525,3968,6797,1240,1888,1,3
61,5539,3979,6719,1243,1866,1,3
62,5541,3993,6631,1248,1842,1,3
63,5553,4010,6534,1253,1815,1,3
64,5570,4031,6427,1260,1785,1,3
65,5570,4054,6313,1267,1754,1,3
66,5583,4077,6195,1274,1721,1,3
67,5587,4103,6079,1282,1689,1,3
68,5603,4126,5964,1289,1657,1,3
69,5617,4153,5851,1298,1625,1,3
70,5621,4182,5749,1307,1597,1,3
71,5628,4182,5749,1307,1597,1,3
72,5640,4182,5749,1307,1597,1,3
73,5651,4182,5749,1307,1597,1,3
74,5672,4182,5749,1307,1597,1,3
75,6653,3928,7053,1228,1959,1,3
76,6659,3928,7053,1228,1959,1,3
77,6669,3928,7053,1228,1959,1,3
78,7363,3907,7086,1221,1968,1,3
79,7368,3907,7086,1221,1968,1,3
80,7379,3907,7086,1221,1968,1,3
81,7384,3907,7086,1221,1968,1,3
82,7401,3924,7040,1226,1956,1,3
83,7403,3936,6960,1230,1933,1,3
84,7422,3949,6851,1234,1903,1,3
85,7427,3967,6719,1240,1866,1,3
86,7440,3985,6562,1245,1823,1,3
87,7477,4007,6383,1252,1773,1,3
88,7477,4032,6192,1260,1720,1,3
89,7481,4032,6192,1260,1720,1,3
90,8469,3881,6943,1213,1929,1,3
91,8471,3881,6943,1213,1929,1,3
92,8484,3881,6943,1213,1929,1,3
93,8492,3881,6943,1213,1929,1,3
94,8525,3881,6943,1213,1929,1,3
95,8525,3881,6943,1213,1929,1,3
96,8525,3881,6943,1213,1929,1,3
97,8529,3881,6943,1213,1929,1,3
98,8559,3881,6943,1213,1929,1,3
99,9301,3877,7021,1212,1950,1,3
100,9308,3877,7021,1212,1950,1,3
101,9319,3877,7021,1212,1950,1,3
102,9326,3877,7021,1212,1950,1,3
103,9337,3884,6994,1214,1943,1,3
104,9350,3891,6940,1216,1928,1,3
105,9352,3900,6867,1219,1908,1,3
106,9371,3913,6769,1223,1880,1,3
107,9376,3932,6636,1229,1843,1,3
108,9393,3950,6502,1234,1806,1,3
109,9400,3968,6370,1240,1769,1,3
110,9419,3968,6370,1240,1769,1,3
111,10388,3834,7115,1198,1976,1,3
112,10394,3834,7115,1198,1976,1,3
113,10404,3834,7115,1198,1976,1,3
114,10417,3834,7115,1198,1976,1,3
115,10422,3834,7115,1198,1976,1,3
116,10437,3834,7115,1198,1976,1,3
117,10440,3834,7115,1198,1976,1,3
118,11102,3898,6993,1218,1942,1,3
119,11104,3898,6993,1218,1942,1,3
120,11119,3898,6993,1218,1942,1,3
121,11123,3898,6993,1218,1942,1,3
122,11135,3898,6993,1218,1942,1,3
123,11137,3902,6936,1219,1927,1,3
124,11159,3907,6865,1221,1907,1,3
125,11165,3922,6760,1226,1878,1,3
126,11177,3939,6644,1231,1846,1,3
127,11187,3958,6521,1237,1811,1,3
128,11197,3977,6391,1243,1775,1,3
129,11207,3977,6391,1243,1775,1,3
130,12122,3937,7018,1230,1949,1,3
131,12132,3937,7018,1230,1949,1,3
132,12138,3937,7018,1230,1949,1,3
133,12153,3937,7018,1230,1949,1,3
134,12154,3937,7018,1230,1949,1,3
135,12171,3934,6977,1229,1938,1,3
136,12173,3936,6928,1230,1924,1,3
137,12191,3941,6871,1232,1909,1,3
138,12204,3948,6800,1234,1889,1,3
139,12212,3959,6718,1237,1866,1,3
140,12223,3973,6623,1242,1840,1,3
141,12257,3988,6515,1246,1810,1,3
142,12257,4011,6398,1253,1777,1,3
143,12262,4037,6271,1262,1742,1,3
144,12265,4064,6141,1270,1706,1,3
145,12276,4064,6141,1270,1706,1,3
146,13205,3932,7081,1229,1967,1,3
147,13205,3932,7081,1229,1967,1,3
148,13223,3932,7081,1229,1967,1,3
149,13236,3932,7081,1229,1967,1,3
150,13244,3932,7081,1229,1967,1,3
